competition_id,order_index,question_text,options,correct_option
00000000-0000-0000-0000-000000000000,1,"In Islamic history, what was the first Hijrah destination for early Muslims fleeing persecution in Makkah?","{""A"": ""Abyssinia (Ethiopia)"", ""B"": ""Yemen"", ""C"": ""Ta'if"", ""D"": ""Madinah""}",A
00000000-0000-0000-0000-000000000000,2,"Who was the righteous King of Abyssinia (Al-Najashi) who sheltered the Prophet Muhammad's (pbuh) companions?","{""A"": ""Armah"", ""B"": ""Ezana"", ""C"": ""Kaleb"", ""D"": ""Menelik""}",A
00000000-0000-0000-0000-000000000000,3,"Which Surah of the Holy Quran was recited by Ja'far ibn Abi Talib before the King of Abyssinia?","{""A"": ""Surah Maryam"", ""B"": ""Surah Al-Kahf"", ""C"": ""Surah Ya-Sin"", ""D"": ""Surah Al-Baqarah""}",A
00000000-0000-0000-0000-000000000000,4,"Who was the companion of the Prophet Muhammad (pbuh) known as the first Mu'adhin in Islam, of Ethiopian heritage?","{""A"": ""Bilal ibn Rabah"", ""B"": ""Salman Al-Farsi"", ""C"": ""Ammar ibn Yasir"", ""D"": ""Abu Dharr Al-Ghifari""}",A
00000000-0000-0000-0000-000000000000,5,"What is the primary objective of the Ethiopian Muslim Youth Council (EMYC)?","{""A"": ""Empowering Muslim youth through education, ethics, and unity"", ""B"": ""Commercial trading"", ""C"": ""Political campaigning"", ""D"": ""Athletic sponsorships""}",A
00000000-0000-0000-0000-000000000000,6,"How many daily obligatory prayers (Fard Salah) are prescribed for Muslims?","{""A"": ""3"", ""B"": ""5"", ""C"": ""7"", ""D"": ""4""}",B
00000000-0000-0000-0000-000000000000,7,"In which Islamic month is fasting (Sawm) obligatory for all eligible Muslims?","{""A"": ""Rajab"", ""B"": ""Sha'ban"", ""C"": ""Ramadan"", ""D"": ""Dhul-Hijjah""}",C
00000000-0000-0000-0000-000000000000,8,"What is the longest Surah (chapter) in the Holy Quran?","{""A"": ""Surah Ali 'Imran"", ""B"": ""Surah Al-Baqarah"", ""C"": ""Surah An-Nisa"", ""D"": ""Surah Al-A'raf""}",B
00000000-0000-0000-0000-000000000000,9,"What is the shortest Surah (chapter) in the Holy Quran?","{""A"": ""Surah Al-Ikhlas"", ""B"": ""Surah An-Nasr"", ""C"": ""Surah Al-Kawthar"", ""D"": ""Surah Al-Asr""}",C
00000000-0000-0000-0000-000000000000,10,"In which blessed city was Prophet Muhammad (peace be upon him) born?","{""A"": ""Madinah"", ""B"": ""Makkah"", ""C"": ""Jerusalem"", ""D"": ""Ta'if""}",B
