order_index,question_text,option_a,option_b,option_c,option_d,correct_option
1,"In Islamic history, what was the first Hijrah destination for early Muslims fleeing persecution in Makkah?","Abyssinia (Ethiopia)","Yemen","Ta'if","Madinah",A
2,"Who was the righteous King of Abyssinia (Al-Najashi) who sheltered the Prophet Muhammad's (pbuh) companions?","Armah","Ezana","Kaleb","Menelik",A
3,"Which Surah of the Holy Quran was recited by Ja'far ibn Abi Talib before the King of Abyssinia?","Surah Maryam","Surah Al-Kahf","Surah Ya-Sin","Surah Al-Baqarah",A
4,"Who was the companion of the Prophet Muhammad (pbuh) known as the first Mu'adhin in Islam, of Ethiopian heritage?","Bilal ibn Rabah","Salman Al-Farsi","Ammar ibn Yasir","Abu Dharr Al-Ghifari",A
5,"What is the primary objective of the Ethiopian Muslim Youth Council (EMYC)?","Empowering Muslim youth through education, ethics, and unity","Commercial trading","Political campaigning","Athletic sponsorships",A
6,"How many daily obligatory prayers (Fard Salah) are prescribed for Muslims?","3","5","7","4",B
7,"In which Islamic month is fasting (Sawm) obligatory for all eligible Muslims?","Rajab","Sha'ban","Ramadan","Dhul-Hijjah",C
8,"What is the longest Surah (chapter) in the Holy Quran?","Surah Ali 'Imran","Surah Al-Baqarah","Surah An-Nisa","Surah Al-A'raf",B
9,"What is the shortest Surah (chapter) in the Holy Quran?","Surah Al-Ikhlas","Surah An-Nasr","Surah Al-Kawthar","Surah Al-Asr",C
10,"In which blessed city was Prophet Muhammad (peace be upon him) born?","Madinah","Makkah","Jerusalem","Ta'if",B
